Workbook

Sheet Dashboard
A1: SAFETY ACCIDENT & LTI DASHBOARD
A2: Reporting Period: May 2026 – April 2027 | Enter data in 'Accident Tracker' only
A3: Dashboard KPI definitions are formula-driven; enter source data only in Accident Tracker.
A5: Total Accidents | C5: Total LTI | E5: Fatalities | G5: Man-days Lost
A6: =SUM('Monthly KPI'!B2:B13) -> 1 | C6: =SUM('Monthly KPI'!C2:C13) -> 1 | E6: =SUM('Monthly KPI'!D2:D13) -> 0 | G6: =SUM('Monthly KPI'!J2:J13) -> 20
A8: Total Man-hours | C8: LTIFR | E8: Near Miss | G8: First Aid
A9: =SUM('Monthly KPI'!K2:K13) -> 4000 | C9: =IF(A9=0,0,C6*1000000/A9) -> 250 | E9: =SUM('Monthly KPI'!G2:G13) -> 1 | G9: =SUM('Monthly KPI'!H2:H13) -> 1
A12: KEY RATES
A13: LTI Frequency Rate (LTIFR) | B13: =IF(B9=0,0,C7*1000000/B9) -> 0
A14: Severity Rate | B14: =IF(B9=0,0,G7*1000000/B9) -> 0
A15: LTI % of Accidents | B15: =IFERROR(C7/B7,0) -> 0
A16: Near Miss / Accident | B16: =IFERROR(G9/B7,0) -> 0
A19: MONTHLY SAFETY TREND
A20: Month | B20: Accidents | C20: LTI | D20: Fatalities | E20: Man-days Lost | F20: LTIFR
A21: ='Monthly KPI'!A2 -> May-26 | B21: ='Monthly KPI'!B2 -> 1 | C21: ='Monthly KPI'!C2 -> 1 | D21: ='Monthly KPI'!D2 -> 0 | E21: ='Monthly KPI'!J2 -> 20 | F21: ='Monthly KPI'!L2 -> 250
A22: ='Monthly KPI'!A3 -> Jun-26 | B22: ='Monthly KPI'!B3 -> 0 | C22: ='Monthly KPI'!C3 -> 0 | D22: ='Monthly KPI'!D3 -> 0 | E22: ='Monthly KPI'!J3 -> 0 | F22: ='Monthly KPI'!L3 -> 0
A23: ='Monthly KPI'!A4 -> Jul-26 | B23: ='Monthly KPI'!B4 -> 0 | C23: ='Monthly KPI'!C4 -> 0 | D23: ='Monthly KPI'!D4 -> 0 | E23: ='Monthly KPI'!J4 -> 0 | F23: ='Monthly KPI'!L4 -> 0
A24: ='Monthly KPI'!A5 -> Aug-26 | B24: ='Monthly KPI'!B5 -> 0 | C24: ='Monthly KPI'!C5 -> 0 | D24: ='Monthly KPI'!D5 -> 0 | E24: ='Monthly KPI'!J5 -> 0 | F24: ='Monthly KPI'!L5 -> 0
A25: ='Monthly KPI'!A6 -> Sep-26 | B25: ='Monthly KPI'!B6 -> 0 | C25: ='Monthly KPI'!C6 -> 0 | D25: ='Monthly KPI'!D6 -> 0 | E25: ='Monthly KPI'!J6 -> 0 | F25: ='Monthly KPI'!L6 -> 0
A26: ='Monthly KPI'!A7 -> Oct-26 | B26: ='Monthly KPI'!B7 -> 0 | C26: ='Monthly KPI'!C7 -> 0 | D26: ='Monthly KPI'!D7 -> 0 | E26: ='Monthly KPI'!J7 -> 0 | F26: ='Monthly KPI'!L7 -> 0
A27: ='Monthly KPI'!A8 -> Nov-26 | B27: ='Monthly KPI'!B8 -> 0 | C27: ='Monthly KPI'!C8 -> 0 | D27: ='Monthly KPI'!D8 -> 0 | E27: ='Monthly KPI'!J8 -> 0 | F27: ='Monthly KPI'!L8 -> 0
A28: ='Monthly KPI'!A9 -> Dec-26 | B28: ='Monthly KPI'!B9 -> 0 | C28: ='Monthly KPI'!C9 -> 0 | D28: ='Monthly KPI'!D9 -> 0 | E28: ='Monthly KPI'!J9 -> 0 | F28: ='Monthly KPI'!L9 -> 0
A29: ='Monthly KPI'!A10 -> Jan-27 | B29: ='Monthly KPI'!B10 -> 0 | C29: ='Monthly KPI'!C10 -> 0 | D29: ='Monthly KPI'!D10 -> 0 | E29: ='Monthly KPI'!J10 -> 0 | F29: ='Monthly KPI'!L10 -> 0
A30: ='Monthly KPI'!A11 -> Feb-27 | B30: ='Monthly KPI'!B11 -> 0 | C30: ='Monthly KPI'!C11 -> 0 | D30: ='Monthly KPI'!D11 -> 0 | E30: ='Monthly KPI'!J11 -> 0 | F30: ='Monthly KPI'!L11 -> 0
A31: ='Monthly KPI'!A12 -> Mar-27 | B31: ='Monthly KPI'!B12 -> 0 | C31: ='Monthly KPI'!C12 -> 0 | D31: ='Monthly KPI'!D12 -> 0 | E31: ='Monthly KPI'!J12 -> 0 | F31: ='Monthly KPI'!L12 -> 0
A32: ='Monthly KPI'!A13 -> Apr-27 | B32: ='Monthly KPI'!B13 -> 0 | C32: ='Monthly KPI'!C13 -> 0 | D32: ='Monthly KPI'!D13 -> 0 | E32: ='Monthly KPI'!J13 -> 0 | F32: ='Monthly KPI'!L13 -> 0
H40: Type | I40: Count
H41: Major | I41: =SUM('Monthly KPI'!E2:E13) -> 0
H42: Minor | I42: =SUM('Monthly KPI'!F2:F13) -> 1
H43: Near Miss | I43: =SUM('Monthly KPI'!G2:G13) -> 1
H44: First Aid | I44: =SUM('Monthly KPI'!H2:H13) -> 1
H45: LTI | I45: =SUM('Monthly KPI'!C2:C13) -> 1
H46: Fatal | I46: =SUM('Monthly KPI'!D2:D13) -> 0

Sheet Accident Tracker
A1: Sr No | B1: Accident ID | C1: Date | D1: Month | E1: Employee Name | F1: Pay Code | G1: Department | H1: Section | I1: Designation | J1: Employment Type | K1: Contractor | L1: Accident Type | M1: Injury Type | N1: LTI (Y/N) | O1: Fatality (Y/N) | P1: First Aid (Y/N) | Q1: Hospitalization (Y/N) | R1: Near Miss (Y/N) | S1: Man-days Lost | T1: Man-hours Worked (Month) | U1: Lost Work Days | V1: Root Cause | W1: Corrective Action | X1: Responsible Person | Y1: Target Date | Z1: Closure Date | AA1: Status | AB1: Remarks
A2: =IF(C2="","",ROW()-1) -> 1 | B2: 1 | C2: 46150 | D2: =IF(C2="","",TEXT(C2,"mmm-yy")) -> May-26 | E2: xxxx | F2: 2 | G2: HSD | H2: HSD | I2: Helper | J2: Permanent | L2: Minor | M2: Minor | N2: Y | O2: N | P2: Y | Q2: N | R2: Y | S2: 20 | T2: 4000 | U2: =IF(OR(N2="Y",N2="Yes"),S2,"") -> 20 | V2: xx | W2: yy | X2: xx | Y2: 46030 | Z2: 46047 | AA2: =IF(C2="","",IF(Z2<>"","Closed",IF(Y2<TODAY(),"Overdue","Open"))) -> Closed
A3: =IF(C3="","",ROW()-1) | D3: =IF(C3="","",TEXT(C3,"mmm-yy")) | U3: =IF(OR(N3="Y",N3="Yes"),S3,"") | AA3: =IF(C3="","",IF(Z3<>"","Closed",IF(Y3<TODAY(),"Overdue","Open")))
A4: =IF(C4="","",ROW()-1) | D4: =IF(C4="","",TEXT(C4,"mmm-yy")) | U4: =IF(OR(N4="Y",N4="Yes"),S4,"") | AA4: =IF(C4="","",IF(Z4<>"","Closed",IF(Y4<TODAY(),"Overdue","Open")))
A5: =IF(C5="","",ROW()-1) | D5: =IF(C5="","",TEXT(C5,"mmm-yy")) | U5: =IF(OR(N5="Y",N5="Yes"),S5,"") | AA5: =IF(C5="","",IF(Z5<>"","Closed",IF(Y5<TODAY(),"Overdue","Open")))
A6: =IF(C6="","",ROW()-1) | D6: =IF(C6="","",TEXT(C6,"mmm-yy")) | U6: =IF(OR(N6="Y",N6="Yes"),S6,"") | AA6: =IF(C6="","",IF(Z6<>"","Closed",IF(Y6<TODAY(),"Overdue","Open")))
A7: =IF(C7="","",ROW()-1) | D7: =IF(C7="","",TEXT(C7,"mmm-yy")) | U7: =IF(OR(N7="Y",N7="Yes"),S7,"") | AA7: =IF(C7="","",IF(Z7<>"","Closed",IF(Y7<TODAY(),"Overdue","Open")))
A8: =IF(C8="","",ROW()-1) | D8: =IF(C8="","",TEXT(C8,"mmm-yy")) | U8: =IF(OR(N8="Y",N8="Yes"),S8,"") | AA8: =IF(C8="","",IF(Z8<>"","Closed",IF(Y8<TODAY(),"Overdue","Open")))
A9: =IF(C9="","",ROW()-1) | D9: =IF(C9="","",TEXT(C9,"mmm-yy")) | U9: =IF(OR(N9="Y",N9="Yes"),S9,"") | AA9: =IF(C9="","",IF(Z9<>"","Closed",IF(Y9<TODAY(),"Overdue","Open")))
A10: =IF(C10="","",ROW()-1) | D10: =IF(C10="","",TEXT(C10,"mmm-yy")) | U10: =IF(OR(N10="Y",N10="Yes"),S10,"") | AA10: =IF(C10="","",IF(Z10<>"","Closed",IF(Y10<TODAY(),"Overdue","Open")))
A11: =IF(C11="","",ROW()-1) | D11: =IF(C11="","",TEXT(C11,"mmm-yy")) | U11: =IF(OR(N11="Y",N11="Yes"),S11,"") | AA11: =IF(C11="","",IF(Z11<>"","Closed",IF(Y11<TODAY(),"Overdue","Open")))
A12: =IF(C12="","",ROW()-1) | D12: =IF(C12="","",TEXT(C12,"mmm-yy")) | U12: =IF(OR(N12="Y",N12="Yes"),S12,"") | AA12: =IF(C12="","",IF(Z12<>"","Closed",IF(Y12<TODAY(),"Overdue","Open")))
A13: =IF(C13="","",ROW()-1) | D13: =IF(C13="","",TEXT(C13,"mmm-yy")) | U13: =IF(OR(N13="Y",N13="Yes"),S13,"") | AA13: =IF(C13="","",IF(Z13<>"","Closed",IF(Y13<TODAY(),"Overdue","Open")))
A14: =IF(C14="","",ROW()-1) | D14: =IF(C14="","",TEXT(C14,"mmm-yy")) | U14: =IF(OR(N14="Y",N14="Yes"),S14,"") | AA14: =IF(C14="","",IF(Z14<>"","Closed",IF(Y14<TODAY(),"Overdue","Open")))
... A479: =IF(C479="","",ROW()-1) | D479: =IF(C479="","",TEXT(C479,"mmm-yy")) | U479: =IF(OR(N479="Y",N479="Yes"),S479,"") | AA479: =IF(C479="","",IF(Z479<>"","Closed",IF(Y479<TODAY(),"Overdue","Open")))
A480: 1 | D480: =IF(C480="","",TEXT(C480,"mmm-yy")) | U480: =IF(OR(N480="Y",N480="Yes"),S480,"") | AA480: =IF(C480="","",IF(Z480<>"","Closed",IF(Y480<TODAY(),"Overdue","Open")))
A481: =IF(C481="","",ROW()-1) | D481: =IF(C481="","",TEXT(C481,"mmm-yy")) | U481: =IF(OR(N481="Y",N481="Yes"),S481,"") | AA481: =IF(C481="","",IF(Z481<>"","Closed",IF(Y481<TODAY(),"Overdue","Open")))
A482: =IF(C482="","",ROW()-1) | D482: =IF(C482="","",TEXT(C482,"mmm-yy")) | U482: =IF(OR(N482="Y",N482="Yes"),S482,"") | AA482: =IF(C482="","",IF(Z482<>"","Closed",IF(Y482<TODAY(),"Overdue","Open")))
A483: =IF(C483="","",ROW()-1) | D483: =IF(C483="","",TEXT(C483,"mmm-yy")) | U483: =IF(OR(N483="Y",N483="Yes"),S483,"") | AA483: =IF(C483="","",IF(Z483<>"","Closed",IF(Y483<TODAY(),"Overdue","Open")))
A484: =IF(C484="","",ROW()-1) | D484: =IF(C484="","",TEXT(C484,"mmm-yy")) | U484: =IF(OR(N484="Y",N484="Yes"),S484,"") | AA484: =IF(C484="","",IF(Z484<>"","Closed",IF(Y484<TODAY(),"Overdue","Open")))
A485: =IF(C485="","",ROW()-1) | D485: =IF(C485="","",TEXT(C485,"mmm-yy")) | U485: =IF(OR(N485="Y",N485="Yes"),S485,"") | AA485: =IF(C485="","",IF(Z485<>"","Closed",IF(Y485<TODAY(),"Overdue","Open")))
A486: =IF(C486="","",ROW()-1) | D486: =IF(C486="","",TEXT(C486,"mmm-yy")) | U486: =IF(OR(N486="Y",N486="Yes"),S486,"") | AA486: =IF(C486="","",IF(Z486<>"","Closed",IF(Y486<TODAY(),"Overdue","Open")))
A487: =IF(C487="","",ROW()-1) | D487: =IF(C487="","",TEXT(C487,"mmm-yy")) | U487: =IF(OR(N487="Y",N487="Yes"),S487,"") | AA487: =IF(C487="","",IF(Z487<>"","Closed",IF(Y487<TODAY(),"Overdue","Open")))
A488: =IF(C488="","",ROW()-1) | D488: =IF(C488="","",TEXT(C488,"mmm-yy")) | U488: =IF(OR(N488="Y",N488="Yes"),S488,"") | AA488: =IF(C488="","",IF(Z488<>"","Closed",IF(Y488<TODAY(),"Overdue","Open")))
A489: =IF(C489="","",ROW()-1) | D489: =IF(C489="","",TEXT(C489,"mmm-yy")) | U489: =IF(OR(N489="Y",N489="Yes"),S489,"") | AA489: =IF(C489="","",IF(Z489<>"","Closed",IF(Y489<TODAY(),"Overdue","Open")))
A490: =IF(C490="","",ROW()-1) | D490: =IF(C490="","",TEXT(C490,"mmm-yy")) | U490: =IF(OR(N490="Y",N490="Yes"),S490,"") | AA490: =IF(C490="","",IF(Z490<>"","Closed",IF(Y490<TODAY(),"Overdue","Open")))
A491: =IF(C491="","",ROW()-1) | D491: =IF(C491="","",TEXT(C491,"mmm-yy")) | U491: =IF(OR(N491="Y",N491="Yes"),S491,"") | AA491: =IF(C491="","",IF(Z491<>"","Closed",IF(Y491<TODAY(),"Overdue","Open")))
A492: =IF(C492="","",ROW()-1) | D492: =IF(C492="","",TEXT(C492,"mmm-yy")) | U492: =IF(OR(N492="Y",N492="Yes"),S492,"") | AA492: =IF(C492="","",IF(Z492<>"","Closed",IF(Y492<TODAY(),"Overdue","Open")))
... A501: =IF(C501="","",ROW()-1) | D501: =IF(C501="","",TEXT(C501,"mmm-yy")) | U501: =IF(OR(N501="Y",N501="Yes"),S501,"") | AA501: =IF(C501="","",IF(Z501<>"","Closed",IF(Y501<TODAY(),"Overdue","Open")))

Sheet Monthly KPI
A1: Month | B1: Total Accidents | C1: LTI | D1: Fatalities | E1: Major Accidents | F1: Minor Accidents | G1: Near Miss | H1: First Aid | I1: Hospitalization | J1: Man-days Lost | K1: Man-hours Worked | L1: LTIFR | M1: Accident Rate / 100 Workers | N1: Severity Rate | O1: LTI % of Accidents
A2: May-26 | B2: =COUNTIF('Accident Tracker'!$D$2:$D$501,A2) -> 1 | C2: =COUNTIFS('Accident Tracker'!$D$2:$D$501,A2,'Accident Tracker'!$N$2:$N$501,"Y") -> 1 | D2: =COUNTIFS('Accident Tracker'!$D$2:$D$501,A2,'Accident Tracker'!$O$2:$O$501,"Y") -> 0 | E2: =COUNTIFS('Accident Tracker'!$D$2:$D$501,A2,'Accident Tracker'!$L$2:$L$501,"Major") -> 0 | F2: =COUNTIFS('Accident Tracker'!$D$2:$D$501,A2,'Accident Tracker'!$L$2:$L$501,"Minor") -> 1 | G2: =COUNTIFS('Accident Tracker'!$D$2:$D$501,A2,'Accident Tracker'!$R$2:$R$501,"Y") -> 1 | H2: =COUNTIFS('Accident Tracker'!$D$2:$D$501,A2,'Accident Tracker'!$P$2:$P$501,"Y") -> 1 | I2: =COUNTIFS('Accident Tracker'!$D$2:$D$501,A2,'Accident Tracker'!$Q$2:$Q$501,"Y") -> 0 | J2: =SUMIF('Accident Tracker'!$D$2:$D$501,A2,'Accident Tracker'!$S$2:$S$501) -> 20 | K2: =SUMIF('Accident Tracker'!$D$2:$D$501,A2,'Accident Tracker'!$T$2:$T$501) -> 4000 | L2: =IF(K2=0,0,C2*1000000/K2) -> 250 | M2: =IFERROR(B2/Dashboard!$B$6*100,0) -> 0 | N2: =IF(K2=0,0,J2*1000000/K2) -> 5000 | O2: =IFERROR(C2/B2,0) -> 1
A3: Jun-26 | B3: =COUNTIF('Accident Tracker'!$D$2:$D$501,A3) -> 0 | C3: =COUNTIFS('Accident Tracker'!$D$2:$D$501,A3,'Accident Tracker'!$N$2:$N$501,"Y") -> 0 | D3: =COUNTIFS('Accident Tracker'!$D$2:$D$501,A3,'Accident Tracker'!$O$2:$O$501,"Y") -> 0 | E3: =COUNTIFS('Accident Tracker'!$D$2:$D$501,A3,'Accident Tracker'!$L$2:$L$501,"Major") -> 0 | F3: =COUNTIFS('Accident Tracker'!$D$2:$D$501,A3,'Accident Tracker'!$L$2:$L$501,"Minor") -> 0 | G3: =COUNTIFS('Accident Tracker'!$D$2:$D$501,A3,'Accident Tracker'!$R$2:$R$501,"Y") -> 0 | H3: =COUNTIFS('Accident Tracker'!$D$2:$D$501,A3,'Accident Tracker'!$P$2:$P$501,"Y") -> 0 | I3: =COUNTIFS('Accident Tracker'!$D$2:$D$501,A3,'Accident Tracker'!$Q$2:$Q$501,"Y") -> 0 | J3: =SUMIF('Accident Tracker'!$D$2:$D$501,A3,'Accident Tracker'!$S$2:$S$501) -> 0 | K3: =SUMIF('Accident Tracker'!$D$2:$D$501,A3,'Accident Tracker'!$T$2:$T$501) -> 0 | L3: =IF(K3=0,0,C3*1000000/K3) -> 0 | M3: =IFERROR(B3/Dashboard!$B$6*100,0) -> 0 | N3: =IF(K3=0,0,J3*1000000/K3) -> 0 | O3: =IFERROR(C3/B3,0) -> 0
A4: Jul-26 | B4: =COUNTIF('Accident Tracker'!$D$2:$D$501,A4) -> 0 | C4: =COUNTIFS('Accident Tracker'!$D$2:$D$501,A4,'Accident Tracker'!$N$2:$N$501,"Y") -> 0 | D4: =COUNTIFS('Accident Tracker'!$D$2:$D$501,A4,'Accident Tracker'!$O$2:$O$501,"Y") -> 0 | E4: =COUNTIFS('Accident Tracker'!$D$2:$D$501,A4,'Accident Tracker'!$L$2:$L$501,"Major") -> 0 | F4: =COUNTIFS('Accident Tracker'!$D$2:$D$501,A4,'Accident Tracker'!$L$2:$L$501,"Minor") -> 0 | G4: =COUNTIFS('Accident Tracker'!$D$2:$D$501,A4,'Accident Tracker'!$R$2:$R$501,"Y") -> 0 | H4: =COUNTIFS('Accident Tracker'!$D$2:$D$501,A4,'Accident Tracker'!$P$2:$P$501,"Y") -> 0 | I4: =COUNTIFS('Accident Tracker'!$D$2:$D$501,A4,'Accident Tracker'!$Q$2:$Q$501,"Y") -> 0 | J4: =SUMIF('Accident Tracker'!$D$2:$D$501,A4,'Accident Tracker'!$S$2:$S$501) -> 0 | K4: =SUMIF('Accident Tracker'!$D$2:$D$501,A4,'Accident Tracker'!$T$2:$T$501) -> 0 | L4: =IF(K4=0,0,C4*1000000/K4) -> 0 | M4: =IFERROR(B4/Dashboard!$B$6*100,0) -> 0 | N4: =IF(K4=0,0,J4*1000000/K4) -> 0 | O4: =IFERROR(C4/B4,0) -> 0
A5: Aug-26 | B5: =COUNTIF('Accident Tracker'!$D$2:$D$501,A5) -> 0 | C5: =COUNTIFS('Accident Tracker'!$D$2:$D$501,A5,'Accident Tracker'!$N$2:$N$501,"Y") -> 0 | D5: =COUNTIFS('Accident Tracker'!$D$2:$D$501,A5,'Accident Tracker'!$O$2:$O$501,"Y") -> 0 | E5: =COUNTIFS('Accident Tracker'!$D$2:$D$501,A5,'Accident Tracker'!$L$2:$L$501,"Major") -> 0 | F5: =COUNTIFS('Accident Tracker'!$D$2:$D$501,A5,'Accident Tracker'!$L$2:$L$501,"Minor") -> 0 | G5: =COUNTIFS('Accident Tracker'!$D$2:$D$501,A5,'Accident Tracker'!$R$2:$R$501,"Y") -> 0 | H5: =COUNTIFS('Accident Tracker'!$D$2:$D$501,A5,'Accident Tracker'!$P$2:$P$501,"Y") -> 0 | I5: =COUNTIFS('Accident Tracker'!$D$2:$D$501,A5,'Accident Tracker'!$Q$2:$Q$501,"Y") -> 0 | J5: =SUMIF('Accident Tracker'!$D$2:$D$501,A5,'Accident Tracker'!$S$2:$S$501) -> 0 | K5: =SUMIF('Accident Tracker'!$D$2:$D$501,A5,'Accident Tracker'!$T$2:$T$501) -> 0 | L5: =IF(K5=0,0,C5*1000000/K5) -> 0 | M5: =IFERROR(B5/Dashboard!$B$6*100,0) -> 0 | N5: =IF(K5=0,0,J5*1000000/K5) -> 0 | O5: =IFERROR(C5/B5,0) -> 0
A6: Sep-26 | B6: =COUNTIF('Accident Tracker'!$D$2:$D$501,A6) -> 0 | C6: =COUNTIFS('Accident Tracker'!$D$2:$D$501,A6,'Accident Tracker'!$N$2:$N$501,"Y") -> 0 | D6: =COUNTIFS('Accident Tracker'!$D$2:$D$501,A6,'Accident Tracker'!$O$2:$O$501,"Y") -> 0 | E6: =COUNTIFS('Accident Tracker'!$D$2:$D$501,A6,'Accident Tracker'!$L$2:$L$501,"Major") -> 0 | F6: =COUNTIFS('Accident Tracker'!$D$2:$D$501,A6,'Accident Tracker'!$L$2:$L$501,"Minor") -> 0 | G6: =COUNTIFS('Accident Tracker'!$D$2:$D$501,A6,'Accident Tracker'!$R$2:$R$501,"Y") -> 0 | H6: =COUNTIFS('Accident Tracker'!$D$2:$D$501,A6,'Accident Tracker'!$P$2:$P$501,"Y") -> 0 | I6: =COUNTIFS('Accident Tracker'!$D$2:$D$501,A6,'Accident Tracker'!$Q$2:$Q$501,"Y") -> 0 | J6: =SUMIF('Accident Tracker'!$D$2:$D$501,A6,'Accident Tracker'!$S$2:$S$501) -> 0 | K6: =SUMIF('Accident Tracker'!$D$2:$D$501,A6,'Accident Tracker'!$T$2:$T$501) -> 0 | L6: =IF(K6=0,0,C6*1000000/K6) -> 0 | M6: =IFERROR(B6/Dashboard!$B$6*100,0) -> 0 | N6: =IF(K6=0,0,J6*1000000/K6) -> 0 | O6: =IFERROR(C6/B6,0) -> 0
A7: Oct-26 | B7: =COUNTIF('Accident Tracker'!$D$2:$D$501,A7) -> 0 | C7: =COUNTIFS('Accident Tracker'!$D$2:$D$501,A7,'Accident Tracker'!$N$2:$N$501,"Y") -> 0 | D7: =COUNTIFS('Accident Tracker'!$D$2:$D$501,A7,'Accident Tracker'!$O$2:$O$501,"Y") -> 0 | E7: =COUNTIFS('Accident Tracker'!$D$2:$D$501,A7,'Accident Tracker'!$L$2:$L$501,"Major") -> 0 | F7: =COUNTIFS('Accident Tracker'!$D$2:$D$501,A7,'Accident Tracker'!$L$2:$L$501,"Minor") -> 0 | G7: =COUNTIFS('Accident Tracker'!$D$2:$D$501,A7,'Accident Tracker'!$R$2:$R$501,"Y") -> 0 | H7: =COUNTIFS('Accident Tracker'!$D$2:$D$501,A7,'Accident Tracker'!$P$2:$P$501,"Y") -> 0 | I7: =COUNTIFS('Accident Tracker'!$D$2:$D$501,A7,'Accident Tracker'!$Q$2:$Q$501,"Y") -> 0 | J7: =SUMIF('Accident Tracker'!$D$2:$D$501,A7,'Accident Tracker'!$S$2:$S$501) -> 0 | K7: =SUMIF('Accident Tracker'!$D$2:$D$501,A7,'Accident Tracker'!$T$2:$T$501) -> 0 | L7: =IF(K7=0,0,C7*1000000/K7) -> 0 | M7: =IFERROR(B7/Dashboard!$B$6*100,0) -> 0 | N7: =IF(K7=0,0,J7*1000000/K7) -> 0 | O7: =IFERROR(C7/B7,0) -> 0
A8: Nov-26 | B8: =COUNTIF('Accident Tracker'!$D$2:$D$501,A8) -> 0 | C8: =COUNTIFS('Accident Tracker'!$D$2:$D$501,A8,'Accident Tracker'!$N$2:$N$501,"Y") -> 0 | D8: =COUNTIFS('Accident Tracker'!$D$2:$D$501,A8,'Accident Tracker'!$O$2:$O$501,"Y") -> 0 | E8: =COUNTIFS('Accident Tracker'!$D$2:$D$501,A8,'Accident Tracker'!$L$2:$L$501,"Major") -> 0 | F8: =COUNTIFS('Accident Tracker'!$D$2:$D$501,A8,'Accident Tracker'!$L$2:$L$501,"Minor") -> 0 | G8: =COUNTIFS('Accident Tracker'!$D$2:$D$501,A8,'Accident Tracker'!$R$2:$R$501,"Y") -> 0 | H8: =COUNTIFS('Accident Tracker'!$D$2:$D$501,A8,'Accident Tracker'!$P$2:$P$501,"Y") -> 0 | I8: =COUNTIFS('Accident Tracker'!$D$2:$D$501,A8,'Accident Tracker'!$Q$2:$Q$501,"Y") -> 0 | J8: =SUMIF('Accident Tracker'!$D$2:$D$501,A8,'Accident Tracker'!$S$2:$S$501) -> 0 | K8: =SUMIF('Accident Tracker'!$D$2:$D$501,A8,'Accident Tracker'!$T$2:$T$501) -> 0 | L8: =IF(K8=0,0,C8*1000000/K8) -> 0 | M8: =IFERROR(B8/Dashboard!$B$6*100,0) -> 0 | N8: =IF(K8=0,0,J8*1000000/K8) -> 0 | O8: =IFERROR(C8/B8,0) -> 0
A9: Dec-26 | B9: =COUNTIF('Accident Tracker'!$D$2:$D$501,A9) -> 0 | C9: =COUNTIFS('Accident Tracker'!$D$2:$D$501,A9,'Accident Tracker'!$N$2:$N$501,"Y") -> 0 | D9: =COUNTIFS('Accident Tracker'!$D$2:$D$501,A9,'Accident Tracker'!$O$2:$O$501,"Y") -> 0 | E9: =COUNTIFS('Accident Tracker'!$D$2:$D$501,A9,'Accident Tracker'!$L$2:$L$501,"Major") -> 0 | F9: =COUNTIFS('Accident Tracker'!$D$2:$D$501,A9,'Accident Tracker'!$L$2:$L$501,"Minor") -> 0 | G9: =COUNTIFS('Accident Tracker'!$D$2:$D$501,A9,'Accident Tracker'!$R$2:$R$501,"Y") -> 0 | H9: =COUNTIFS('Accident Tracker'!$D$2:$D$501,A9,'Accident Tracker'!$P$2:$P$501,"Y") -> 0 | I9: =COUNTIFS('Accident Tracker'!$D$2:$D$501,A9,'Accident Tracker'!$Q$2:$Q$501,"Y") -> 0 | J9: =SUMIF('Accident Tracker'!$D$2:$D$501,A9,'Accident Tracker'!$S$2:$S$501) -> 0 | K9: =SUMIF('Accident Tracker'!$D$2:$D$501,A9,'Accident Tracker'!$T$2:$T$501) -> 0 | L9: =IF(K9=0,0,C9*1000000/K9) -> 0 | M9: =IFERROR(B9/Dashboard!$B$6*100,0) -> 0 | N9: =IF(K9=0,0,J9*1000000/K9) -> 0 | O9: =IFERROR(C9/B9,0) -> 0
A10: Jan-27 | B10: =COUNTIF('Accident Tracker'!$D$2:$D$501,A10) -> 0 | C10: =COUNTIFS('Accident Tracker'!$D$2:$D$501,A10,'Accident Tracker'!$N$2:$N$501,"Y") -> 0 | D10: =COUNTIFS('Accident Tracker'!$D$2:$D$501,A10,'Accident Tracker'!$O$2:$O$501,"Y") -> 0 | E10: =COUNTIFS('Accident Tracker'!$D$2:$D$501,A10,'Accident Tracker'!$L$2:$L$501,"Major") -> 0 | F10: =COUNTIFS('Accident Tracker'!$D$2:$D$501,A10,'Accident Tracker'!$L$2:$L$501,"Minor") -> 0 | G10: =COUNTIFS('Accident Tracker'!$D$2:$D$501,A10,'Accident Tracker'!$R$2:$R$501,"Y") -> 0 | H10: =COUNTIFS('Accident Tracker'!$D$2:$D$501,A10,'Accident Tracker'!$P$2:$P$501,"Y") -> 0 | I10: =COUNTIFS('Accident Tracker'!$D$2:$D$501,A10,'Accident Tracker'!$Q$2:$Q$501,"Y") -> 0 | J10: =SUMIF('Accident Tracker'!$D$2:$D$501,A10,'Accident Tracker'!$S$2:$S$501) -> 0 | K10: =SUMIF('Accident Tracker'!$D$2:$D$501,A10,'Accident Tracker'!$T$2:$T$501) -> 0 | L10: =IF(K10=0,0,C10*1000000/K10) -> 0 | M10: =IFERROR(B10/Dashboard!$B$6*100,0) -> 0 | N10: =IF(K10=0,0,J10*1000000/K10) -> 0 | O10: =IFERROR(C10/B10,0) -> 0
A11: Feb-27 | B11: =COUNTIF('Accident Tracker'!$D$2:$D$501,A11) -> 0 | C11: =COUNTIFS('Accident Tracker'!$D$2:$D$501,A11,'Accident Tracker'!$N$2:$N$501,"Y") -> 0 | D11: =COUNTIFS('Accident Tracker'!$D$2:$D$501,A11,'Accident Tracker'!$O$2:$O$501,"Y") -> 0 | E11: =COUNTIFS('Accident Tracker'!$D$2:$D$501,A11,'Accident Tracker'!$L$2:$L$501,"Major") -> 0 | F11: =COUNTIFS('Accident Tracker'!$D$2:$D$501,A11,'Accident Tracker'!$L$2:$L$501,"Minor") -> 0 | G11: =COUNTIFS('Accident Tracker'!$D$2:$D$501,A11,'Accident Tracker'!$R$2:$R$501,"Y") -> 0 | H11: =COUNTIFS('Accident Tracker'!$D$2:$D$501,A11,'Accident Tracker'!$P$2:$P$501,"Y") -> 0 | I11: =COUNTIFS('Accident Tracker'!$D$2:$D$501,A11,'Accident Tracker'!$Q$2:$Q$501,"Y") -> 0 | J11: =SUMIF('Accident Tracker'!$D$2:$D$501,A11,'Accident Tracker'!$S$2:$S$501) -> 0 | K11: =SUMIF('Accident Tracker'!$D$2:$D$501,A11,'Accident Tracker'!$T$2:$T$501) -> 0 | L11: =IF(K11=0,0,C11*1000000/K11) -> 0 | M11: =IFERROR(B11/Dashboard!$B$6*100,0) -> 0 | N11: =IF(K11=0,0,J11*1000000/K11) -> 0 | O11: =IFERROR(C11/B11,0) -> 0
A12: Mar-27 | B12: =COUNTIF('Accident Tracker'!$D$2:$D$501,A12) -> 0 | C12: =COUNTIFS('Accident Tracker'!$D$2:$D$501,A12,'Accident Tracker'!$N$2:$N$501,"Y") -> 0 | D12: =COUNTIFS('Accident Tracker'!$D$2:$D$501,A12,'Accident Tracker'!$O$2:$O$501,"Y") -> 0 | E12: =COUNTIFS('Accident Tracker'!$D$2:$D$501,A12,'Accident Tracker'!$L$2:$L$501,"Major") -> 0 | F12: =COUNTIFS('Accident Tracker'!$D$2:$D$501,A12,'Accident Tracker'!$L$2:$L$501,"Minor") -> 0 | G12: =COUNTIFS('Accident Tracker'!$D$2:$D$501,A12,'Accident Tracker'!$R$2:$R$501,"Y") -> 0 | H12: =COUNTIFS('Accident Tracker'!$D$2:$D$501,A12,'Accident Tracker'!$P$2:$P$501,"Y") -> 0 | I12: =COUNTIFS('Accident Tracker'!$D$2:$D$501,A12,'Accident Tracker'!$Q$2:$Q$501,"Y") -> 0 | J12: =SUMIF('Accident Tracker'!$D$2:$D$501,A12,'Accident Tracker'!$S$2:$S$501) -> 0 | K12: =SUMIF('Accident Tracker'!$D$2:$D$501,A12,'Accident Tracker'!$T$2:$T$501) -> 0 | L12: =IF(K12=0,0,C12*1000000/K12) -> 0 | M12: =IFERROR(B12/Dashboard!$B$6*100,0) -> 0 | N12: =IF(K12=0,0,J12*1000000/K12) -> 0 | O12: =IFERROR(C12/B12,0) -> 0
A13: Apr-27 | B13: =COUNTIF('Accident Tracker'!$D$2:$D$501,A13) -> 0 | C13: =COUNTIFS('Accident Tracker'!$D$2:$D$501,A13,'Accident Tracker'!$N$2:$N$501,"Y") -> 0 | D13: =COUNTIFS('Accident Tracker'!$D$2:$D$501,A13,'Accident Tracker'!$O$2:$O$501,"Y") -> 0 | E13: =COUNTIFS('Accident Tracker'!$D$2:$D$501,A13,'Accident Tracker'!$L$2:$L$501,"Major") -> 0 | F13: =COUNTIFS('Accident Tracker'!$D$2:$D$501,A13,'Accident Tracker'!$L$2:$L$501,"Minor") -> 0 | G13: =COUNTIFS('Accident Tracker'!$D$2:$D$501,A13,'Accident Tracker'!$R$2:$R$501,"Y") -> 0 | H13: =COUNTIFS('Accident Tracker'!$D$2:$D$501,A13,'Accident Tracker'!$P$2:$P$501,"Y") -> 0 | I13: =COUNTIFS('Accident Tracker'!$D$2:$D$501,A13,'Accident Tracker'!$Q$2:$Q$501,"Y") -> 0 | J13: =SUMIF('Accident Tracker'!$D$2:$D$501,A13,'Accident Tracker'!$S$2:$S$501) -> 0 | K13: =SUMIF('Accident Tracker'!$D$2:$D$501,A13,'Accident Tracker'!$T$2:$T$501) -> 0 | L13: =IF(K13=0,0,C13*1000000/K13) -> 0 | M13: =IFERROR(B13/Dashboard!$B$6*100,0) -> 0 | N13: =IF(K13=0,0,J13*1000000/K13) -> 0 | O13: =IFERROR(C13/B13,0) -> 0

Sheet Instructions
A1: How to use the Safety Accident Tracker
A2: 1 | B2: Enter one incident/accident per row in Accident Tracker.
A3: 2 | B3: Enter Date, employee, department, contractor, accident type and injury details.
A4: 3 | B4: Set LTI = Y only when the case meets your company's/statutory LTI definition.
A5: 4 | B5: Enter Man-days Lost and monthly Man-hours Worked for LTIFR/Severity calculations.
A6: 5 | B6: Enter root cause, corrective action, responsible person and target date.
A7: 6 | B7: Monthly KPI and Dashboard update from the tracker formulas.
A8: 7 | B8: LTIFR formula: LTI × 1,000,000 ÷ Man-hours Worked.
A9: 8 | B9: Severity Rate formula: Man-days Lost × 1,000,000 ÷ Man-hours Worked.
A10: 9 | B10: LTI % of Accidents = LTI ÷ Total Accidents.
A11: 10 | B11: Use the Dashboard for management review and monthly safety meetings.
A12: Note | B12: Definitions and reporting thresholds should follow your company's approved HSE/statutory methodology.
